,Prediction
0,12.370714896427268
1,12.11153185563416
2,13.833867162748776
3,13.301549839346714
4,13.650852054531407
5,13.37529349138149
6,14.81866051042502
7,15.893875970336945
8,13.085403863069583
9,11.032808626375296
10,14.721465648258036
11,9.807043444059428
12,12.332106470631695
13,16.013147249687684
14,12.50094725773557
15,11.626306580204393
16,13.033414207068468
17,13.643947717896921
18,12.952104107209793
19,12.274594308703728
20,11.74646632802076
21,11.900784957749927
22,11.451288346823162
23,13.089443751280678
24,12.551015669978261
25,12.881994993818486
26,13.283549809031797
27,11.770511769794673
28,12.286336624348424
29,12.621097003664206
30,11.485121955639954
31,12.948088380745038
32,11.869485204704347
33,12.66025105832072
34,13.879591571650822
35,12.377497040100895
36,14.875496624076632
37,12.940338562202015
38,12.325909124328323
39,11.638158807880666
40,11.636853805501813
41,13.309700798888874
42,12.153177782586786
43,11.997465405453417
44,11.822265741109605
45,12.439948480847155
46,12.458663596238901
47,11.878862313811942
48,12.094958485471455
49,13.611819249741423
50,13.793754278415529
51,11.793629929773779
52,14.107980441289499
53,14.093950697943205
54,13.376969688941433
55,20.142711993548627
56,12.46644567726331
57,10.756361341322151
58,11.350626445502403
59,11.603725311493797
60,11.812883396125086
61,13.086574010765416
62,15.37888017955075
63,14.610638885026566
64,9.434381360241089
65,11.257824455262977
66,13.138320688710627
67,11.96484882429073
68,12.079670408352637
69,12.670842042807159
70,11.402115111422724
71,11.517200186361922
72,13.476512175876175
73,12.38682219566077
74,26.43161722046795
75,13.700469968139036
76,11.122157202815453
77,12.64507443357594
78,11.95702984964584
79,13.19140921855006
80,13.690926158353893
81,10.274811984884176
82,15.117456152501964
83,12.104845057587418
84,12.811844427641079
85,11.473553118856994
86,13.730573496220089
87,11.514265968460256
88,11.484975134272412
89,11.754023875473528
90,11.454677294684913
91,12.722668430687945
92,19.018446225705826
93,11.535494566846014
94,11.317013537930473
95,13.926265743587951
96,11.55898070582234
97,11.563321331311531
98,12.828618815146806
99,13.126800825835344
100,11.3790135992855
101,12.062266296801914
102,11.495097330508838
103,11.576290337116081
104,10.7468747260837
105,11.361496629395456
106,14.14389600757723
107,11.550627856273215
108,14.473405961520355
109,12.4508054345915
110,13.201315319067456
111,12.292435843766535
112,13.879477174586828
113,12.119781420325557
114,12.099103681250073
115,13.436702946795418
116,11.87472360901877
117,15.132482430293319
118,13.894136961841923
119,13.894136961841923
120,14.005461073232429
121,13.474635622162177
122,13.18628343488325
123,14.315480325021797
124,12.333371598533276
125,10.90360646456498
126,14.121612838835011
127,11.389992637676349
128,12.097096662810603
129,12.349233814070493
130,11.152826118519108
131,12.986840651585807
132,14.83503257841371
133,11.491567740819345
134,11.62842563985179
135,14.181753241666092
136,11.568404281725543
137,12.584605985579532
138,11.79306485972202
139,12.896801663332868
140,13.668970005724455
141,10.796893038743509
142,12.860723282163528
143,13.17564362580164
144,12.98275232052183
145,11.497809271955399
146,12.216792387985224
147,11.627144899868833
148,11.613142638214327
149,12.664526154537809
150,11.777740158152628
151,15.015368265335697
152,13.357591637024365
153,13.056769257783465
154,15.34893287844892
155,15.405365759958682
156,11.704609813517045
157,13.557360732651048
158,12.456831824659384
159,11.702779891134984
160,14.209479235490912
161,11.12297139312435
162,13.149441927463048
163,15.118813206789685
164,11.410649587354007
165,12.024117108310142
166,10.986604741594554
167,13.150373232540666
168,11.990275034476987
169,11.781829949528671
170,13.350649704517432
171,14.995847308921208
172,13.509652598177619
173,11.874974611226408
174,12.203121722803074
175,14.17510569204167
176,13.678834285095547
177,12.527608409146564
178,11.109961468922991
179,12.163693268776239
180,17.727706086155106
181,13.943866055417429
182,12.403327658421095
183,11.577127183890472
184,11.283588890194583
185,13.592211567751974
186,12.722882067153554
187,12.804075073760796
188,11.726338652297363
189,11.72976648894815
190,12.696461959432844
191,13.694032590390638
192,16.365338879139046
193,11.130845911840158
194,11.253112209626309
195,12.082566871783188
196,12.239717169292724
197,11.708812525851812
198,11.985456509789614
199,12.742727093692865
200,13.781307589258647
201,12.326179863408845
202,11.49085309372214
203,11.078034060108607
204,12.567237354610812
205,14.480267682246012
206,14.577097165533898
207,12.706451671528518
208,11.332127234596113
209,15.165885432112269
210,13.594627661790842
211,14.30030797224703
212,12.404085064441487
213,12.443958943711054
214,12.465375794184656
215,12.53683772656034
216,12.72543458599131
217,13.275196212696873
218,13.97912936442889
219,12.03434513256329
220,12.758781574039482
221,11.724403816728444
222,15.101588302131482
223,12.616722445882676
224,13.937780425302613
225,11.256534370549891
226,12.87479783696433
227,8.762491305243838
228,14.34893193459685
229,12.19228666771615
230,12.543693345159694
231,12.907757832656118
232,13.832150722830603
233,11.06521512250358
234,11.720921685956474
235,12.692013852077508
236,11.80354109724213
237,16.690032245116264
238,11.736946560638222
239,14.083540140229966
240,12.693431735705508
241,12.116551630601423
242,13.03488032907708
243,11.897767440014938
244,14.662036457499369
245,14.325953302458478
246,12.81736601050146
247,16.247095454764843
248,12.759295946216334
249,13.65373011412116
250,11.507836636427593
251,13.882777831244047
252,14.18325390050493
253,11.419180347400427
254,11.403268666287216
255,12.560363535001288
256,12.784892852925456
257,12.508985088445558
258,14.725015398379158
259,13.365289478099276
260,14.690845784449268
261,12.677143501962828
262,11.958435969152145
263,12.372586387382658
264,12.514129760253576
265,13.011645361771466
266,14.582182699437423
267,14.906035778912079
268,14.417268895416825
269,12.596150059839276
270,12.756420359919332
271,11.765990103151378
272,12.202925739571453
273,12.494548206789135
274,12.58962084388944
275,12.27597959516623
276,12.644376018495835
277,15.686603291781957
278,13.128387701073422
279,12.663983875865311
280,13.396285147303033
281,11.542876909218688
282,12.364400318868169
283,12.33933064346684
284,11.7701051628044
285,12.782368166322998
286,12.63638598341896
287,12.452969846992039
288,13.985564117390938
289,12.316168176676438
290,12.579176346860164
291,12.227464308263066
292,13.165783059077906
293,13.126192904206066
294,11.606061764463576
295,12.376302639083406
296,11.008822000572337
297,11.581963393323745
298,11.608860651084699
299,11.949440365905607
300,11.290682307354441
301,12.227760496171626
302,12.239270898487836
303,10.323840901944777
304,11.688508843498088
305,14.731524680871159
306,10.977309047093534
307,14.41376038375408
308,12.044807459262655
309,14.240483242733344
310,13.573245238431907
311,12.149593067980314
312,10.667163941272308
313,11.451572141615266
314,11.769408263697123
315,13.758997720799815
316,12.747817846591419
317,12.61718897312167
318,11.836589579805464
319,9.909025847059883
320,12.76493481718301
321,12.487196205239908
322,14.370926557691691
323,11.604140844164778
324,15.355642729263174
325,12.638181890475542
326,15.102931000481279
327,14.818583071795825
328,10.706280811723728
329,10.612114054838692
330,12.251151522847985
331,12.342010428121611
332,12.278649464572558
333,12.821505042428784
334,13.404985562594886
335,11.51678206294594
336,11.278794283702817
337,12.273844052285593
338,11.438913130259714
339,14.070266669164091
340,14.10030597138117
341,11.590602331811336
342,13.292302588693614
343,13.087779385202413
344,10.860859520734781
345,11.981483715093319
346,12.381454921518813
347,12.085190193668389
348,13.022762804951485
349,13.528602285607992
350,13.60945064055865
351,14.43635426667336
352,11.89816017953139
353,13.336598270877353
354,12.733457446587224
355,11.84399326502681
356,10.931202016900732
357,11.39898594105445
358,14.633293117268396
359,14.573799921077006
360,12.447688592006894
361,12.831590145428228
362,12.501400826032793
363,13.441204701427218
364,13.837186834672977
365,12.122869788682058
366,12.74581216575206
367,11.726119966778155
368,16.146863968033184
369,11.911878222224829
370,14.574572525963388
371,12.561190185664646
372,14.48798158970843
373,15.052483687406653
374,12.513076200505312
375,13.206466752151767
376,13.368356185593557
377,11.613180620075395
378,10.493631070672764
379,10.36016202793594
380,12.468307074821421
381,12.39113868364894
382,11.147273831105784
383,11.678343564806763
384,10.234869655612055
385,15.35251069317101
386,11.152574723172714
387,12.735533973675157
388,11.124300792772122
389,11.387080820095328
390,11.252342666234513
391,14.910636663655035
392,9.759922008989928
393,11.716330025911187
394,12.435932082360038
395,11.81407061354788
396,12.616276581074336
397,13.334937211170349
398,14.230238112072598
399,11.603049446208187
400,11.603049446208187
401,13.497568697356721
402,14.004107124896686
403,12.480818108612365
404,11.355323839476409
405,11.485856254534553
406,12.547034658027195
407,13.762041631238754
408,12.182915620849744
409,12.10762187295726
410,13.738010430427162
411,13.38981458271006
412,12.640152492175408
413,14.038358769075247
414,13.533476577752959
415,11.612193347800325
416,13.909694563105568
417,12.658336146683821
418,12.295873311374589
419,11.483138661704436
420,11.461545925671036
421,11.920913268796935
422,15.864808366852508
423,14.793110709553755
424,12.598842259383012
425,13.052970253748425
426,12.71698582055489
427,11.950147957901226
428,13.558867297297002
429,12.453255147517318
430,14.101289915146712
431,12.238013356794129
432,13.63806516549376
433,13.669519065656269
434,12.788770709895509
435,14.110338813269355
436,11.086177976565466
437,11.086177976565466
438,11.004984969958223
439,14.868226794992282
440,11.368185271227262
441,14.060971241308406
442,11.385990613932007
443,12.477286422178226
444,10.371611370056899
445,11.604680987342093
446,11.422817954731698
447,11.038301435492501
448,11.964557596729184
449,13.24870249436977
450,13.626170935990519
451,11.87951500115934
452,15.14939664420791
453,14.116288125545404
454,14.617835485121196
455,11.535394929492142
456,13.025048409787995
457,14.832561591547535
458,10.96173395166595
459,12.39236494522488
460,13.186242126931296
461,10.009357655442482
462,12.553588399528195
463,13.518242388094208
464,14.075507947413842
465,14.708538213788163
466,11.38155428681653
467,11.57395934583506
468,12.733717935871944
469,11.787428002594924
470,9.804378102183081
471,10.118077731533477
472,11.000065642771862
473,12.891014500803564
474,12.472192696052412
475,12.381281671864848
476,12.70831510466864
477,16.888049852316996
478,12.374015681577065
479,12.277205639260174
480,13.03432947326331
481,14.313080886123469
482,12.401257820293296
483,13.7140721069313
484,13.537180355884798
485,11.574672059071522
486,10.403145243168996
487,12.061404183764298
488,11.75147799810184
489,12.472803287484382
490,13.160576751226191
491,14.76310018007152
492,13.706622118791744
493,12.295875959685777
494,12.278840467892406
495,11.42292957746887
496,14.008810055196461
497,11.254480050380788
498,12.024613436834805
499,14.779242078252281
500,11.25904098092561
501,13.678062112264621
502,13.58429223862789
503,13.251673811777353
504,13.569841459271418
505,11.866510870037295
506,11.498638212325185
507,12.653150328039203
508,10.857477188765904
509,11.894437986199385
510,11.400706231626273
511,11.775298353284066
512,13.908719366619511
513,14.754890272727367
514,11.064549591888113
515,12.331327605002075
516,12.55089926746491
517,12.759236398545223
518,13.540658331865814
519,12.554884276301092
520,12.464660895667633
521,12.022875733464607
522,11.31854893974924
523,11.301116016575646
524,12.429424619222747
525,11.374463648050334
526,10.246155045403233
527,11.407780335659005
528,12.444768624868821
529,11.867922882238016
530,13.467199733242643
531,12.848743884459887
532,12.427397218842458
533,11.52962276504159
534,11.60157972277313
535,12.719873719976562
536,12.265519220640964
537,12.069399467495353
538,12.893800145524612
539,11.574818870439199
540,11.554991197646348
541,11.835945994925133
542,14.803183059211129
543,12.677371702593378
544,12.568332052240532
545,14.944047545602979
546,15.298912714142551
547,12.676128621283967
548,11.699010672417344
549,12.375291061749515
550,12.648078241090627
551,13.09723409785585
552,12.179964485992969
553,13.703534433592054
554,12.971297110149656
555,12.992193208467194
556,11.706269964650662
557,13.345138725643746
558,14.328563687563475
559,11.70395087654068
560,12.536634497494974
561,11.916539235907315
562,14.058855687574606
563,13.701238711039045
564,13.869173009491083
565,11.379712014365605
566,14.926867029960887
567,12.630628267323432
568,11.528346204633301
569,13.34551473063592
570,12.242632618198837
571,14.46189560734299
572,12.74187491228363
573,13.907939097791791
574,13.266748820685214
575,8.352622269871105
576,10.557163992777465
577,11.479205542946257
578,11.556468902851108
579,12.929086930997832
580,12.159581596973771
581,11.546002837833
582,13.00214439435496
583,14.030812634285624
584,11.473219721318745
585,12.50292286226129
586,10.065243152704786
587,12.269667616003208
588,13.571978938892554
589,12.693156931901791
590,10.372579833974081
591,10.016334206399186
592,12.439531844752146
593,12.52965601316044
594,12.659250797626642
595,12.094943266454816
596,12.562655414780798
597,9.620955071323472
598,12.185448723043978
599,13.026181774147238
600,12.538660391205184
601,12.457853337346656
602,18.28106241939543
603,17.797284677746624
604,11.602843494667345
605,13.804585935154643
606,15.373747317533157
607,11.683896222101712
608,12.755283750804972
609,11.882498302241308
610,12.385007838371346
611,11.101008989493824
612,12.059345184593433
613,13.603865177277537
614,14.19116669358212
615,12.22883705086866
616,11.068167735387627
617,11.363581693701287
618,11.03263937575281
619,12.517885365794163
620,12.21439652501598
621,12.70271914875909
622,11.787644068676137
623,12.526585739140605
624,13.254405097391976
625,13.173212090784734
626,13.833371459684543
627,12.117639477097471
628,12.036446470490228
629,12.920772147899143
630,10.25533472111373
631,14.234739154718278
632,16.33936918805728
633,12.658607757322843
634,12.768823567068097
635,13.055429408387088
636,11.620768283760505
637,13.561184961110104
638,12.783892646262592
639,12.456424043152248
640,13.817589880614468
641,11.184032830839646
642,11.860233769318635
643,12.351502819057094
644,12.99875873349037
645,15.122615210906766
646,12.682581456952077
647,14.778026595592634
648,13.7304351711968
649,11.614949559878633
650,11.413898497138012
651,13.648843484489396
652,12.296975626658964
653,9.42064153145877
654,14.537610441810033
655,12.037520636073298
656,11.579076325854741
657,11.805464974443094
658,11.241980074523243
659,11.879013648314821
660,12.357946492276989
661,12.681589324009096
662,14.298639254504325
663,11.796774377001475
664,13.069574307386564
665,14.043578591472262
666,12.533142718352703
667,13.265976082130443
668,15.406746950727262
669,9.643051719763728
670,11.421069428474638
671,12.811921017838463
672,12.367682607345209
673,11.433938319282829
674,11.413639165205222
675,11.936266270441644
676,12.302255275436362
677,13.54197122354687
678,15.108572250146137
679,11.814186741471728
680,12.71116783994428
681,13.56028628251344
682,11.884528990713322
683,15.530907672274786
684,11.982703385615785
685,14.057444356792486
686,10.794842569471271
687,10.794842569471271
688,12.585064913824068
689,10.634268417611011
690,13.246238207194121
691,12.479741428376682
692,12.128061069811142
693,11.968969595747938
694,12.684919355331402
695,12.865928022645644
696,11.875604612524853
697,13.289906581086209
698,12.199272016366836
699,11.392326088250853
700,11.479706067041953
701,13.176537489127156
702,13.205881131717227
703,12.458086142373357
704,12.355695509820684
705,13.669636218415581
706,12.507901700523533
707,11.346922433008649
708,13.294876771942276
709,14.50414321053098
710,13.31122073968362
711,13.30365369410371
712,11.227501112193043
713,14.518823438631681
714,14.888370435539443
715,13.012345995205422
716,9.811786641807062
717,12.826018553212442
718,12.89844929570094
719,10.530057046178976
720,10.589410153936033
721,13.657686553985762
722,14.942216391497922
723,15.210127661044382
724,14.706441561047981
725,13.013610937178221
726,14.450517732728047
727,12.005284249606571
728,14.055344493666759
729,12.184505791343177
730,11.633158736293762
731,11.732092650870076
732,12.802266748157525
733,11.813281325210012
734,11.370225085727952
735,11.659687802033513
736,12.189257569117318
737,12.350593743184339
738,11.647889478956914
739,11.718973237781777
740,11.898813643387603
741,12.221092428490307
742,12.074641998861523
743,15.456520162106742
744,13.823895690210627
745,13.851612123325923
746,12.723303520678822
747,12.695587087563526
748,15.667245411104528
749,13.217648365391328
750,15.148541932365116
751,12.613814738924939
752,12.667477355253036
753,13.957038393618799
754,11.550639175956693
755,10.937924422931259
756,12.847088598699207
757,11.470587399699738
758,12.710910077879431
759,13.642453218573236
760,9.795808654987857
761,11.623761710486328
762,13.62485026340465
763,12.039493421021866
764,13.526099541809728
765,10.517517919529844
766,14.688654789552846
767,14.025041750088281
768,13.161800037281187
769,12.460838098595445
770,10.440027023269662
771,13.093352074859427
772,9.878799527731507
773,10.118168722818154
774,15.036230509970911
775,11.687544276843179
776,12.299110971459223
777,12.210303234267592
778,12.005375622310172
779,10.560278421711285
780,15.100301301921224
781,12.35698648450338
782,11.321550457557496
783,11.715056430029186
784,12.761798251833238
785,12.785515797282569
786,14.101000699524082
787,16.771855444172978
788,11.349921922544734
789,12.367713378619012
790,12.458570521786758
791,13.196662460616887
792,16.254403867607095
793,13.796651602286055
794,20.80443436603977
795,9.795413107272545
796,14.439405753860797
797,13.009710178357237
798,13.434990972044218
799,11.800521582132424
800,10.3685195684936
801,12.859794746434028
802,11.530317444157689
803,13.17130031636492
804,12.143511480318478
805,9.864809419518279
806,11.799212421765219
807,13.721776012149622
808,10.413273157326024
809,12.349447093512373
810,12.499147365386431
811,12.411302365060223
812,12.6962097498127
813,11.63211340880391
814,11.83374871552315
815,15.62741206770975
816,15.648829311480661
817,11.395648585047766
818,11.45573443568525
819,12.322606212748896
820,13.85025133845198
821,13.769058331844738
822,11.970310395126893
823,10.252310772659193
824,11.19379518268672
825,14.647900149168954
826,13.481963997788935
827,12.16906713004511
828,11.171974901054764
829,11.185201561841058
830,12.358352739698596
831,12.185334206567731
832,12.863840373627456
833,13.098215301329088
834,14.212564237495783
835,12.254694061928635
836,11.57437172669626
837,12.048449558562659
838,11.41375096332242
839,11.277924942609157
840,12.298618664859008
841,14.2654469986508
842,13.98529013329647
843,12.510059764809467
844,12.44307698248944
845,11.995796680806277
846,12.346422694281365
847,14.139062651889226
848,12.813655709006461
849,12.400822291855095
850,17.060997250963442
851,11.789959457743684
852,12.73820640608294
853,11.455915142057448
854,13.51814436836704
855,15.966086797914468
856,11.2413660098538
857,15.19355055801672
858,12.574290532318273
859,12.655483538925514
860,10.760988136556437
861,12.614782791665915
862,11.77533122854849
863,11.391119841014776
864,11.561926747695946
865,15.84686988728763
866,11.308066642714035
867,13.100632960639995
868,12.523642977031363
869,12.639345382542096
870,11.60578967206714
871,13.140060293622597
872,11.091821276018749
873,12.297389254931787
874,12.590332706183144
875,11.245950768035836
876,12.535946691686274
877,12.686821800835935
878,12.652212941039929
879,12.96949624738863
880,12.230578109436951
881,11.547222832202152
882,11.547146273188527
883,11.71528056120863
884,11.668147164686609
885,14.082539055052052
886,10.751848947846959
887,11.893315341562166
888,13.523205097865949
889,11.498543817708917
890,12.508801968849054
891,14.316365964965176
892,22.4739451366303
893,12.236323878448706
894,12.055706711489185
895,12.460768637386142
896,11.908607472824588
897,13.538263200187401
898,15.420344065975131
899,12.023824360888094
900,13.894038753707298
901,12.41771790784376
902,10.716468621355206
903,11.35826691095665
904,11.782903991817085
905,12.557959039346706
906,14.06237625644036
907,13.827864150571198
908,12.4868037142343
909,12.554981375801798
910,11.371438340055139
911,12.576930028226696
912,11.825062507624434
913,12.15528949974863
914,11.368753812388006
915,13.751795003394646
916,12.833321754263991
917,10.69148487817125
918,10.69148487817125
919,11.436913714920047
920,12.471687527512364
921,11.305954918821353
922,12.012343119336375
923,14.66204489172894
924,14.513417933819289
925,11.287993175291156
926,13.604332462131127
927,13.604332462131127
928,16.43850822827501
929,14.61313271892161
930,10.551320737396663
931,12.422187971679493
932,14.157879050564155
933,14.359639623797074
934,12.420782673299765
935,12.07043369699657
936,11.234075452110392
937,13.356721554078488
938,12.284227080951752
939,12.623855016821715
940,12.519770297735306
941,16.209832747151484
942,9.118325574350363
943,12.69087826322919
944,12.437151173191547
945,14.24525111594452
946,11.774751570537223
947,11.58202656664489
948,12.878247871075974
949,11.877804061644321
950,12.695354870226202
951,13.32888336403213
952,16.73475293096722
953,13.57328389652275
954,14.841627131445346
955,11.79814536000789
956,13.171689053188569
957,13.87770734487908
958,10.418915785935852
959,11.043234619372779
960,15.613759859943837
961,11.459237968713582
962,12.552415177029618
963,11.380797420723875
964,14.541091232869233
965,14.617820494048859
966,16.384159159645108
967,12.61732392616775
968,12.403481589034168
969,10.594137577779067
970,11.551546200524218
971,12.189927473491638
972,12.942571878094132
973,11.224492963729533
974,16.193340212688327
975,12.35176039490248
976,15.633723406214292
977,11.589611555460591
978,11.674272834315108
979,14.441046547012899
980,13.752751289945087
981,11.8770005553531
982,12.241665420640668
983,12.721921125920126
984,12.574073691877475
985,12.785644369624974
986,12.229749225014906
987,12.783633097275262
988,13.698173752540999
989,13.66667853061725
990,12.355209067066472
991,13.197835076294512
992,13.6979270196626
993,14.151478386565747
994,12.507200808848802
995,13.119786861055818
996,12.017290004341884
997,12.45177241302359
998,11.699184890205697
999,14.177687888878879
1000,12.385472626822747
1001,12.307775559320614
1002,12.58937932331338
1003,14.784146033722497
1004,15.333860000717717
1005,10.046466766961158
1006,11.603063718208773
1007,11.684256724816015
1008,12.387530630370737
1009,12.410584601160625
1010,12.679425135468167
1011,12.795348910248142
1012,16.047760854317406
1013,14.163179054277819
1014,14.173586374990906
1015,13.811397482018108
1016,11.475753223363492
1017,12.583625500120695
1018,12.72074981794506
1019,14.01145393686123
1020,14.773783326214351
1021,14.51606600496931
1022,11.634879320535733
1023,13.427688270609963
1024,11.363724755801488
1025,10.03875657984426
1026,11.875629235879558
1027,10.686678656730916
1028,13.15950116140741
1029,12.36917719429627
1030,14.762766343920067
1031,13.859921373494805
1032,12.614302096108254
1033,11.617687564511204
1034,11.248481482204358
1035,15.775762158531167
1036,14.585578091260327
1037,12.982338799724326
1038,12.389813796848093
1039,12.50198075960111
1040,13.194222077287623
1041,11.196367584817514
1042,11.258802661827646
1043,9.76156898419542
1044,11.84160120256821
1045,11.947945909172645
1046,11.338803017761567
1047,14.82958741493426
1048,14.288858875614036
1049,11.620122035086466
1050,11.675192240153569
1051,12.822614354154709
1052,14.68357126113556
1053,11.54279521728416
1054,12.153534548490503
1055,11.416886077604154
1056,13.034214282402754
1057,13.0158296164871
1058,11.052998669878525
1059,11.33324414304555
1060,12.014173662957868
1061,11.506231812813413
1062,12.071667007959357
1063,13.929536291678271
1064,12.153157265952691
1065,12.486635265470394
1066,12.080279884794736
1067,10.618319149873116
1068,12.386573303255084
1069,15.310603880651685
1070,14.328633956307316
1071,11.62133533350812
1072,13.53161615724024
1073,14.194489444192453
1074,11.534223276736215
1075,11.484989403266237
1076,14.699764948899743
1077,11.142355547432555
1078,12.787056062226537
1079,12.86824906883378
1080,13.778115939081685
1081,16.81936271788929
1082,11.61333500940913
1083,13.301094976965581
1084,16.205861319409287
1085,11.384052950761006
1086,11.801527920441659
1087,11.691854929700394
1088,10.698326128591182
1089,11.785884123491147
1090,12.364935772266406
1091,11.517134851738064
1092,12.54149337857748
1093,12.783846428201397
1094,12.866853913805262
1095,11.544667175877953
1096,11.457201506832414
1097,11.352057597219526
1098,12.527511896488804
1099,13.51424291617536
1100,12.275588284073077
1101,13.746440069241192
1102,11.974570370012216
1103,11.849303090974052
1104,12.996221759117626
1105,14.168969862120706
1106,10.914566002761383
1107,14.590531269824663
1108,12.738532388312775
1109,14.875667838353401
1110,12.22545110331664
1111,14.583989310290042
1112,11.357431256949942
1113,11.060962479273206
1114,12.96129571062397
1115,14.527464475841645
1116,11.820857335455608
1117,14.103122161059469
1118,14.340239363413014
1119,12.166336853840317
1120,12.710131717499822
1121,11.926752332891374
1122,13.495623878801716
1123,11.369798300300037
1124,9.096239988677521
1125,11.394370220486806
1126,11.495327818731086
1127,14.50930195638587
1128,14.538278227370043
1129,12.867131380182004
1130,11.512377777849366
1131,13.199406233122636
1132,11.580703555454868
1133,12.154935714565214
1134,12.336015034399676
1135,13.545211161387366
1136,11.898205814056046
1137,12.5090744586885
1138,11.70703172843194
1139,13.674424771781911
1140,12.548058525752678
1141,13.604160166063396
1142,12.550850484302725
1143,12.102484211791863
1144,13.66183071599154
1145,11.75712153128931
1146,15.181669580563478
1147,12.472854464717463
1148,13.810060011518454
1149,13.88203437046864
1150,14.182885948382076
1151,11.601553066502024
1152,8.191956064944886
1153,11.671252884172231
1154,15.420668005117768
1155,11.675563712409474
1156,9.229171874385493
1157,12.587508209252508
1158,12.02637507926761
1159,12.391473411580753
1160,14.010360517650748
1161,13.114947789987143
1162,14.292930973822543
1163,12.174103444251095
1164,12.496676139064704
1165,11.224607681791904
1166,12.452744175499502
1167,15.868845100519378
1168,12.379446092320292
1169,11.489048240461617
1170,14.773752648413396
1171,11.366287689980863
1172,12.61496368939328
1173,13.520169449860985
1174,14.23090804511528
1175,12.78086415443653
1176,11.079469138637517
1177,18.38475406529591
1178,14.68392946323581
1179,14.722325470239635
1180,14.213380780336244
1181,12.243680501306333
1182,12.39576552248958
1183,13.028341361652078
1184,12.395308085219956
1185,11.683776991986282
1186,11.240165735833472
1187,11.713733707148942
1188,13.801592181039299
1189,11.440759108483912
1190,12.508948003900995
1191,16.569544281474506
1192,11.780177372210344
1193,11.703327262208843
1194,11.541191975103999
1195,15.28005096427268
1196,11.6612840193219
1197,14.37748018112698
1198,11.713901858945274
1199,13.174398171450912
1200,12.753922705093318
1201,13.191739940751138
1202,12.907781476219762
1203,10.982784462653681
1204,11.120196921159867
1205,11.69805165837332
1206,11.806122200838189
1207,14.448282893592198
1208,12.753339805653226
1209,11.824181875742093
1210,15.19028643267258
1211,12.311172181491674
1212,11.660738828550228
1213,12.255919574956952
1214,11.71386072106382
1215,15.871389187461912
1216,13.015154212161079
1217,12.924772546077703
1218,12.722412063381098
1219,12.480457444297011
1220,12.282999852219225
1221,12.711478780027543
1222,10.544925966644676
1223,12.605869435741276
1224,11.668075592261047
1225,14.40231405182189
1226,11.616303100404584
1227,16.10523999569319
1228,13.633368222308812
1229,16.152651175293524
1230,12.139171420825933
1231,12.422523174413488
1232,9.099728517805964
1233,11.17266513000135
1234,13.409649605859453
1235,12.47812801882462
1236,12.294002149229367
1237,11.395937892321616
1238,14.767640282826687
1239,14.555417186286181
1240,11.302143187815792
1241,11.7734466164078
1242,12.492581502993952
1243,11.235554405024876
1244,14.903775812712652
1245,11.43115253769365
1246,14.144888736403296
1247,11.788728075058284
1248,15.81728465481532
1249,13.30212606574265
1250,13.396167747811297
1251,12.03154770342847
1252,9.768164708110795
1253,11.110482286897263
1254,11.853201309529256
1255,11.47089978544471
1256,14.0949485316056
1257,11.492105373227353
1258,9.89783924867529
1259,13.927702754483063
1260,12.442102710645509
1261,13.698675990682997
1262,11.386805431525463
1263,11.38806526939434
1264,12.650405180534399
1265,11.501326830864594
1266,11.05017121722536
1267,17.53138273225135
1268,14.668976525419081
1269,13.077523984006719
1270,11.326107966962502
1271,14.470268776713423
1272,13.326699640498486
1273,11.720540562069509
1274,12.350214555075755
1275,13.684775300897265
1276,16.55181891061172
1277,12.110909249604397
1278,11.30316069889269
1279,15.04730630998888
1280,12.025049752225655
1281,14.107080368789763
1282,13.059879503337932
1283,11.437007100486438
1284,11.891998942526737
1285,11.922122179065859
1286,10.595597485022555
1287,16.43382761121497
1288,11.807636596283302
1289,12.162525140610716
1290,11.253653468210317
1291,12.045983574791988
1292,11.490996023141582
1293,13.338025760431453
1294,11.46904170299198
1295,12.940381830768873
1296,12.060467131975557
1297,12.598421398455624
1298,14.312240399889891
1299,14.083683854486933
1300,11.386302999676978
1301,13.132014918151077
1302,13.940276587914312
1303,12.553995018641313
1304,13.10426165404393
1305,11.852132176027022
1306,12.964150639177618
1307,11.35320103257505
1308,12.056664162181228
1309,12.49792316806877
1310,14.139367709642949
1311,12.364289773162028
1312,12.485650129127475
1313,11.481398004909138
1314,12.993407862575388
1315,13.800942256487417
1316,10.987525543533732
1317,11.99462727903112
1318,11.563179698472101
1319,12.218331103476743
1320,12.212682874147246
1321,14.30840637465527
1322,14.621325719352264
1323,13.505531105152393
1324,14.777375876247708
1325,11.664002211522826
1326,12.095422860948615
1327,12.356189549374633
1328,12.956030325228076
1329,15.130209517470295
1330,11.570737395509541
1331,10.730203183935924
1332,12.926060400562644
1333,13.601761311948415
1334,11.377986566443324
1335,12.6780225079722
1336,12.51369120164863
1337,11.113905112040145
1338,14.233977492169018
1339,12.406786332138187
1340,15.848196091105077
1341,11.775059113843643
1342,11.944226067330423
1343,12.785004511388623
1344,14.059192362954446
1345,15.268375292096618
1346,12.850491374082129
1347,12.218224995852383
1348,10.753890033312846
1349,14.15983375298657
1350,12.826440419618171
1351,12.912487368910092
1352,11.473028895437583
1353,11.85342528059468
1354,13.52335645378636
1355,13.900780780854411
1356,14.566341192982827
1357,12.165578367900633
1358,13.858819192225376
1359,11.325657009558975
1360,14.74822740417542
1361,12.792047483345124
1362,12.45480302096003
1363,13.82193610452969
1364,12.476407274241662
1365,11.87557537920897
1366,12.70031225667848
1367,10.589623705550956
1368,12.692961368531993
1369,14.954420021489737
1370,12.927246558056154
1371,11.718654353314594
1372,13.213025528071684
1373,12.601432206054621
1374,14.439627911671998
1375,9.666906556054792
1376,11.78662638822118
1377,10.221353033261956
1378,12.088111206801067
1379,17.368951621352455
1380,14.718553739905365
1381,11.034473225834576
1382,12.73048821743314
1383,10.542513136907207
1384,14.254268923659268
1385,11.57384294332171
1386,13.930810085238894
1387,12.15722357598295
1388,13.55712735701313
1389,10.431964231475959
1390,12.756989428877068
1391,12.712245653569289
1392,11.007224532891959
1393,13.693152137766214
1394,13.942029769595502
1395,12.894106594141476
1396,10.727399545042678
1397,12.353826118843408
1398,14.046798046589721
1399,11.924968490402248
1400,10.84278574805925
1401,12.84359698474075
1402,12.457215067708558
1403,10.999317944417278
1404,13.720496284051556
1405,11.374474165682654
1406,13.471292692344322
1407,12.742663498356427
1408,12.023570374565985
1409,12.959194541705152
1410,7.5873604910982575
1411,9.831683939267489
1412,10.305219375799464
1413,12.772347362257332
1414,12.2672073085824
1415,13.548236245427855
1416,12.864459079700415
1417,9.87630688426416
1418,10.79394552772897
1419,11.616800394714534
1420,14.835928144191765
1421,12.032818007720786
1422,12.63980227707373
1423,11.577248670569691
1424,14.082344831016611
1425,13.765574141698712
1426,11.680569196057414
1427,9.569615617917053
1428,11.468169295176597
1429,11.786619024209354
1430,12.919277879437782
1431,11.368091972467713
1432,12.131084116958537
1433,12.895643419505367
1434,12.655527405312641
1435,15.007599521659742
1436,12.001022751546545
1437,14.43289938516465
1438,15.75660474764016
1439,11.666746468562891
1440,11.547054620787195
1441,14.90785569581219
1442,9.519473413235115
1443,13.11145067647311
1444,12.384233717112995
1445,12.725749943729538
1446,11.393090999414373
1447,13.933966090928463
1448,11.067722923985121
1449,15.451099899239589
1450,13.106258029371716
1451,12.981007064588095
1452,11.918505461889207
1453,12.94339005869457
1454,13.617716177733577
1455,11.442167390885043
1456,12.065393151656107
1457,13.372154827085751
1458,17.051911337356124
1459,17.055690850962755
1460,14.40081882823772
1461,12.25378464490389
1462,15.775988923567281
1463,15.581079322878969
1464,12.58568207074341
1465,14.271742532257075
1466,12.155204155772232
1467,13.706082596408198
1468,11.463966130850178
1469,12.82412130741072
1470,12.447233276842482
1471,12.447233276842482
1472,12.601923112456694
1473,12.088968587499862
1474,13.539055929555316
1475,12.488004807798157
1476,11.387536310639765
1477,11.618361670228435
1478,11.677003715496506
1479,11.515817862089126
1480,11.316061618366485
1481,11.183568076877961
1482,12.563530110187878
1483,11.311994776232947
1484,12.330067768977196
1485,12.996702092561321
1486,12.806515064798006
1487,9.691429040412306
1488,14.539389217503203
1489,12.669730140694332
1490,13.587737996826121
1491,13.655016151811465
1492,11.16922122177733
1493,12.191020427050631
1494,12.367698404446148
1495,11.61258440309465
1496,14.82050763319482
1497,13.079098043155273
1498,12.706267277181864
1499,11.447666489778884
1500,14.489454821334421
1501,13.038531868409086
1502,12.762598507827512
1503,12.903385576660668
1504,14.53684175161816
1505,15.078209150187773
1506,17.60999145249975
1507,11.697194955150954
1508,12.542604756741193
1509,11.744025366822717
1510,11.805757422397694
1511,10.73308527824147
1512,13.62966311953021
1513,11.828157770200093
1514,11.38315855244928
1515,13.903419948840147
1516,12.53367845130274
1517,13.648502249346471
1518,11.683238365627274
1519,11.536635726165514
1520,11.962276650128361
1521,13.136543645613699
1522,12.000279588909255
1523,11.970368396795006
1524,13.056832342792898
1525,13.020009953765227
1526,12.39063275435774
1527,11.452917205501262
1528,14.093620460428586
1529,14.093620460428586
1530,13.420927706378885
1531,14.330059669998738
1532,13.590009165137774
1533,11.50934973313502
1534,10.806858343584462
1535,13.658303528458603
1536,13.225265165396971
1537,13.468374300258574
1538,11.249899016097059
1539,11.128790667680956
1540,11.40718870360318
1541,12.241597794989739
1542,11.080604059431522
1543,11.454782001590912
1544,13.056463613130743
1545,14.01381449138993
1546,14.456162736416054
1547,11.454914636121362
1548,11.352973918041188
1549,12.695445025419565
1550,11.482504618469584
1551,12.48207267423448
1552,11.729157014994541
1553,13.114649745685746
1554,11.345885105277482
1555,9.89719627060749
1556,12.893992228231058
1557,11.803981413461175
1558,11.70000564492726
1559,11.495914367707586
1560,13.027881705404933
1561,12.612631540094426
1562,10.951753713260782
1563,15.722974366597823
1564,13.841358551463637
1565,13.518116084099027
1566,14.938547746437326
1567,11.574820503603776
1568,12.620830432640851
1569,11.817799616792414
1570,11.767574389319247
1571,12.51402080113044
1572,9.209864486830263
1573,13.210158702441822
1574,11.37729844625221
1575,13.111197189420999
1576,15.460295696295702
1577,10.590266003054921
1578,15.289768429622349
1579,13.050906764724607
1580,12.57165373670693
1581,12.35604974928376
1582,9.678279533823755
1583,13.875795500469579
1584,17.90587426304256
1585,11.802784004587233
1586,12.62327604277315
1587,9.77479251521725
1588,12.094948174311737
1589,13.319367470190556
1590,13.005652519710583
1591,12.055105840662696
1592,14.093651187764895
1593,11.375736517527352
1594,12.576507499655479
1595,11.30351482380187
1596,13.566089890502262
1597,13.591782604113625
1598,14.152885522419714
1599,12.002439303833333
1600,11.957167858446999
1601,13.101508082803067
1602,12.56801966649556
1603,13.317344880258707
1604,12.499265100631737
1605,13.069369503606826
1606,14.093307066893512
1607,12.794641470264986
1608,14.823631855736394
1609,14.03087876517459
1610,12.894158948031262
1611,12.325715279025044
1612,11.74339963389889
1613,13.856926042131443
1614,16.441804143221916
1615,11.675971126415265
1616,12.11665504761997
1617,14.280524399911931
1618,12.310006075179386
1619,12.643634844492542
1620,12.550322945390995
1621,15.150938748903647
1622,12.162476269943573
1623,17.20771542758591
1624,14.619506260906372
1625,12.204266605294155
1626,11.252487472299773
1627,11.767575813974533
1628,12.36326534687028
1629,12.596691233904176
1630,12.898691116638838
1631,17.686821536696538
1632,14.331238005628714
1633,16.304690190542907
1634,16.207112340070214
1635,11.681229787619527
1636,12.307310817254457
1637,11.428164912176
1638,14.108519752811539
1639,11.79386937709351
1640,12.408959306387967
1641,13.25241495592157
1642,12.308711051384332
1643,12.514984424698632
1644,11.634770906149475
1645,11.044261867744341
1646,13.368943293787657
1647,11.720921333752543
1648,15.847996410757501
1649,13.709758446541942
1650,12.790971887407746
1651,12.007894114566783
1652,11.150299428905633
1653,15.842939642071125
1654,9.735383512291317
1655,14.499394200586952
1656,10.487538159448992
1657,14.526980940844846
1658,13.472018265440088
1659,11.4218103131434
1660,13.829115322518357
1661,15.232587555090523
1662,13.854664985319888
1663,13.178769340525678
1664,13.843576847904453
1665,12.235888219361858
1666,12.34602428887846
1667,13.840564086927376
1668,15.332240117685913
1669,12.437073660441241
1670,11.522653531308253
1671,16.92301668419148
1672,13.060393352005928
1673,11.768114129308685
1674,10.75027013284576
1675,11.987517224926219
1676,12.983824492056582
1677,11.448856594518572
1678,12.576754112162574
1679,11.78282588113463
1680,14.723993759931208
1681,9.676680783303818
1682,13.296882957577814
1683,11.490237730247852
1684,9.73220626186082
1685,13.068623447897462
1686,11.828586324358719
1687,11.809688756325562
1688,11.669807813684796
1689,14.44789650704331
1690,14.212762071947393
1691,12.701915888261789
1692,11.532127231906326
1693,11.359436873218266
1694,12.374927462875569
1695,12.09924077968268
1696,12.572222277867676
1697,11.488876831961987
1698,10.672189420773496
1699,9.716161345088373
1700,14.37499907289547
1701,12.774898365230353
1702,12.378225586771842
1703,9.74346444545363
1704,13.745125770096957
1705,11.754209889088314
1706,11.384506156684651
1707,11.539225563050211
1708,13.081396689522421
1709,11.383831841341657
1710,12.717062567039154
1711,16.36278451053901
1712,12.149378363468474
1713,10.013739511161294
1714,12.576182394484812
1715,13.423309232996683
1716,11.338365891749577
1717,12.679898253439827
1718,14.214994037626276
1719,13.436875523265085
1720,10.369181569926406
1721,12.410966972657269
1722,13.442348136782744
1723,12.306443915564843
1724,11.063833350017514
1725,11.630940470112536
1726,11.47207558602558
1727,12.0052909785686
1728,17.28623291286662
1729,11.374190820819594
1730,12.813057059687557
1731,11.915225355102132
1732,14.109354723861092
1733,11.3316719194317
1734,14.579030856519852
1735,14.660223863127094
1736,12.249227096037412
1737,14.889132752511863
1738,10.947606801464325
1739,11.368093551834935
1740,14.0585168315969
1741,12.306859316520478
1742,11.683488179179887
1743,11.4004232708971
1744,13.135208255588083
1745,11.06934568194036
1746,11.475559645841978
1747,12.219588750432795
1748,12.393391016902271
1749,14.008915958117605
1750,12.50738555063377
1751,11.95270037902583
1752,14.58660613331628
1753,12.20686660084868
1754,12.328778601008556
1755,13.509445186792956
1756,14.391852647389937
1757,14.728089959428711
1758,13.740439195788854
1759,12.593303816659542
1760,11.902287614181846
1761,15.223910942954426
1762,10.313247892889063
1763,9.966309888971313
1764,11.384418390318158
1765,15.964577618930479
1766,11.929744399654926
1767,11.716190663517068
1768,17.480206638818782
1769,11.138961303910522
1770,12.744844508078387
1771,11.379213940278005
1772,11.299141670007536
1773,11.45981105817743
1774,11.009320457917681
1775,11.511391284325086
1776,11.303741938335731
1777,11.384934944942973
1778,12.554758361789812
1779,11.630643197438411
1780,17.226468163124373
1781,11.799705104443104
1782,11.681150015700606
1783,12.530295604385751
1784,15.095201377588376
1785,13.61601471177202
1786,12.867953624781165
1787,12.487926410021538
1788,12.242914267922865
1789,10.834740972344239
1790,13.30254529363181
1791,11.902601959793824
1792,9.97982543510784
1793,13.015259668800619
1794,11.33710323737045
1795,12.722055381686133
1796,11.605168727486571
1797,9.5470592965515
1798,12.51227906059066
1799,11.546175875410604
1800,10.97725531414154
1801,10.958357746108385
1802,14.217423837756769
1803,11.881544505129577
1804,14.303836864692634
1805,11.155996194223839
1806,11.50856695316241
1807,11.651709855606976
1808,11.935708817969523
1809,12.883891465524945
1810,13.435495361058068
1811,11.595461932072322
1812,14.193077139909468
1813,13.617676277151112
1814,13.909208272098777
1815,11.335763818783303
1816,12.362279237165824
1817,11.656523059398362
1818,11.63799724085734
1819,15.179076191906542
1820,11.451029014890372
1821,12.491277809702519
1822,14.445058778196582
1823,12.833380786584415
1824,12.181119678243231
1825,11.397800526553386
1826,10.995617172053876
1827,12.7192336150924
1828,12.583619387612561
1829,13.563357036573532
1830,14.601495081633496
1831,12.4984906530645
1832,13.43758447457603
1833,13.874331773859852
1834,10.945473974060462
1835,11.633013453359345
1836,14.771105151067955
1837,13.065227570731363
1838,11.773394055424365
1839,14.138315725467773
1840,11.720307482629474
1841,12.310235262718145
1842,12.809042715506886
1843,12.727729688242983
1844,13.21839460925497
1845,11.406413113514914
1846,12.559131515584143
1847,11.127637421600712
1848,10.761506857239075
1849,13.14436245129165
1850,12.220522161452427
1851,12.43966128391573
1852,12.63164367254466
1853,11.991123831141282
1854,16.58272432674173
1855,11.312117115874404
1856,9.826538480167622
1857,13.889119179675895
1858,12.998990296519153
1859,11.55317583571113
1860,11.537570002085996
1861,8.64631721226358
1862,10.921510482660866
1863,14.631790067192004
1864,10.741972586642706
1865,13.40209669522809
1866,12.546386560054254
1867,15.418333596136982
1868,12.02968962097574
1869,13.42681231571671
1870,11.618130051555074
1871,11.563752612749747
1872,11.644945619356989
1873,13.584370552158965
1874,12.303517631959425
1875,14.450865918031123
1876,11.86778487970096
1877,11.660556363272622
1878,13.892308940164511
1879,11.244903519559273
1880,12.523957859694654
1881,12.774878929954092
1882,12.173943486365983
1883,14.137759449071545
1884,13.218002902090777
1885,11.684765138986599
1886,13.221043060744357
1887,11.56244289758571
1888,11.770305907498843
1889,12.711834449238069
1890,11.41057805532789
1891,12.466396890170397
1892,17.42955006187011
1893,14.284040950379886
1894,13.883457767762426
1895,15.591229402391605
1896,12.4906628085592
1897,11.471109317415783
1898,13.242903748906086
1899,13.678605021132006
1900,13.946826021155317
1901,12.489407038374758
1902,13.606461575392837
1903,13.497265966660377
1904,13.451241608611348
1905,12.354044421325217
1906,14.148590150532547
1907,12.205549850388806
1908,14.186022692298064
1909,14.122963162624249
1910,12.752545060723895
1911,11.734815543703837
1912,12.541157938984046
1913,11.963022550914793
1914,11.464903463465118
1915,12.396329602949317
1916,11.64812882224051
1917,13.220122996246616
1918,10.839508841681129
1919,15.51739186601157
1920,11.088335279689467
1921,11.595118415025109
1922,12.75483693489934
1923,11.887842905071416
1924,13.455631901411472
1925,12.567160067533436
1926,13.19905200858516
1927,11.389165169317865
1928,13.393456526522282
1929,12.078922971889781
1930,12.603767118054847
1931,9.888464858878356
1932,10.870736918893671
1933,12.032905903393033
1934,12.239348275900063
1935,13.726149350194156
1936,11.732399346122207
1937,11.718474130331565
1938,11.115816753669373
1939,14.015851882942513
1940,9.801310035264699
1941,11.724180409985806
1942,13.645515583749885
1943,11.289677197022204
1944,14.55024503270574
1945,12.471121324947413
1946,13.996817724505206
1947,14.059472203438453
1948,14.207144541791145
1949,13.98772367843434
1950,11.419668727727824
1951,12.52740596424447
1952,16.479484246849527
1953,12.57156637507549
1954,13.748142048694254
1955,12.32538939866681
1956,11.287394930707304
1957,12.187748125068664
1958,13.047642979387257
1959,11.942695319664976
1960,12.296345617690694
1961,14.092899927793132
1962,13.376696258669806
1963,11.954642198125436
1964,14.382786440635554
1965,13.304558591044419
1966,12.505848857269362
1967,12.908376123576813
1968,12.54904540984456
1969,14.339670803029342
1970,11.512252010447016
1971,12.2313482057647
1972,12.808696561752495
1973,11.393120852886948
1974,11.40494148241261
1975,14.750834752968373
1976,12.136082309972538
1977,12.43406511285109
1978,14.19630742589885
1979,14.230185147934879
1980,11.327914396321413
1981,11.537568225291924
1982,12.007135576061835
1983,15.412312588267035
1984,14.103069271978526
1985,11.479136637960094
1986,11.17911633332775
1987,13.719500592717933
1988,14.774081988496688
1989,16.12332297850221
1990,11.43294720243126
1991,12.770516435075823
1992,10.956232250763268
1993,10.649841293321412
1994,11.611357205788408
1995,13.23016264333091
1996,14.157735848758055
1997,15.280018524187938
1998,16.416868956837362
1999,13.327518177313094
2000,13.562450031109364
2001,10.975772939574036
2002,12.558930541782077
2003,13.966827915976806
2004,11.61915502035047
2005,12.500357928817785
2006,11.336255780362771
2007,11.39694295003674
2008,13.238249370924821
2009,11.793733274126637
2010,15.605189943672853
2011,9.835115021842883
2012,11.589715627995346
2013,12.034463311870713
2014,12.236084776634502
2015,11.37758430509109
2016,14.28977143962879
2017,10.855596366999096
2018,11.745379396385228
2019,11.043381002199839
2020,10.834191230965821
2021,11.899942947728297
2022,13.417297509233599
2023,12.335052437673252
2024,11.351914667800084
2025,9.753153537817443
2026,15.849408138392917
2027,11.964338834272404
2028,11.227377625488922
2029,16.041651711076536
2030,10.202094272399481
2031,11.53525006621196
2032,13.465153619254076
2033,13.443061176614222
2034,12.902413697653746
2035,11.513065898040479
2036,13.726421562530778
2037,16.133995882998114
2038,12.132314337415826
2039,11.297247822565913
2040,15.209477025146597
2041,13.513957057336478
2042,12.343915690645852
2043,11.888074332476412
2044,12.495064181584185
2045,11.37929945812438
2046,13.130808953755286
2047,12.336274909558425
2048,11.116268363060511
2049,12.457247165431868
2050,14.260153942921235
2051,15.048088463437233
2052,14.413507191076466
2053,14.459023219204141
2054,14.512883999817534
2055,11.446312344048826
2056,13.075760937464976
2057,14.151618060746019
2058,11.894738132288095
2059,11.521913915006136
2060,13.571650524153167
2061,12.286317968431183
2062,13.567111754119129
2063,13.513528269078156
2064,12.252224421844767
2065,11.55818953582043
2066,13.571318289380903
2067,11.99982626237884
2068,13.133878150071363
2069,11.52574688247645
2070,11.443882543918333
2071,11.79889792574813
2072,11.879946613984565
2073,10.967812893113074
2074,12.53581209770536
2075,11.820736197554648
2076,12.307611154733438
2077,15.320999270170653
2078,13.90525336503851
2079,10.209975235742242
2080,12.951836101429745
2081,13.416938466552518
2082,10.389106340250233
2083,16.525262144869046
2084,14.58633123310419
2085,9.66784568620458
2086,9.755779321179556
2087,11.360262407716007
2088,13.968577073357384
2089,12.972124562874365
2090,15.40352915327906
2091,12.871278802635802
2092,12.295709053051075
2093,12.046555292469751
2094,11.916425997731624
2095,13.725936195108922
2096,14.76833026581751
2097,10.885865289344851
2098,12.554571269459986
2099,12.779788395875773
2100,12.542969703281134
2101,12.783212818528993
2102,13.285972435338373
2103,11.187499472932025
2104,11.835671471170503
2105,15.775160667380645
2106,12.29383740228222
2107,12.577877546787667
2108,12.4465539858799
2109,16.203823292657276
2110,11.558695252463068
2111,11.715077483496973
2112,11.410923506235847
2113,12.170897707469983
2114,11.469639433027204
2115,12.478881453549619
